{
  "project_info": {
    "project_number": "91540807805",
    "project_id": "onlinefooddeliveryapp-fde99",
    "storage_bucket": "onlinefooddeliveryapp-fde99.appspot.com"
  },
  "client": [
    {
      "client_info": {
        "mobilesdk_app_id": "1:91540807805:android:e405a5de7222b3adf39114",
        "android_client_info": {
          "package_name": "com.example.onlinefooddeliveryapp"
        }
      },
      "oauth_client": [
        {
          "client_id": "91540807805-q3s954laoeu7s01ehdbpun1r0pc3554u.apps.googleusercontent.com",
          "client_type": 3
        }
      ],
      "api_key": [
        {
          "current_key": "AIzaSyAZ021nSbzI1IlDY4O_NtOaonn_2Oa59uA"
        }
      ],
      "services": {
        "appinvite_service": {
          "other_platform_oauth_client": [
            {
              "client_id": "91540807805-q3s954laoeu7s01ehdbpun1r0pc3554u.apps.googleusercontent.com",
              "client_type": 3
            }
          ]
        }
      }
    }
  ],
  "configuration_version": "1"
}